{
  "marketing_stripe": {
    "text": "",
    "link": ""
  },
  "contacts_stripe": {
    "pages": [
      {
        "title": "Sobre nós",
        "link": "/pages/sobre-nos"
      },
      {
        "title": "Esta loja é um PWA",
        "link": "/posts/esta-loja-e-um-pwa"
      }
    ],
    "phone_wpp": true,
    "socials": true
  },
  "categories_list": {
    "featured": [
      "/insumos-cosmeticos/?Insumos Cosméticos",
      "/oleos-essenciais-hidrolatos-ervas/?Óleos Essenciais - Hidrolatos - Ervas",
      "/alimenticios-naturais/?Produtos Alimentícios",
      "/variedades/? Variedades - Presentes"
    ],
    "random": 6,
    "full_width": false
  },
  "search_input": false
}