{
  "meta_title": "Mercadinho Candeeiro Insumos Naturais, Alimentícios e Cosméticos",
  "meta_description": "Insumos para a Cosmética Natural, Vegana, Artesanal. Insumos para Saboaria. Insumos para Produtos de Limpeza. Produtos Alimentícios Naturais, Orgânicos. Variedades.",
  "sections": [
    {
      "type": "custom-content",
      "markdown": "<!--StartFragment-->\n\n**Para os pedidos e pagamentos compensados até dia 08/12 ás 15h a entrega será feita dia 09/12 pelo rogério. Não tem retirada no local.** \n\nApós enviar o pedido pelo site você receberá uma confirmação da compra pelo e-mail informado. fazer o pagamento por depósito no itaú ou nubank. favor enviar o comprovante para mim por whatsapp. Após a confirmação do pagamento suas compras serão preparadas para serem entregues.\n\n<!--EndFragment-->"
    },
    {
      "type": "collection-shelf",
      "shuffle": true,
      "collection_id": null,
      "limit": 12,
      "page": 1
    },
    {
      "type": "page-title",
      "title": "Mercadinho Candeeiro Insumos Naturais, Alimentícios e Cosméticos",
      "description": ""
    }
  ]
}